{
    "nm": "Loader",
    "ddd": 0,
    "h": 1080,
    "w": 1920,
    "meta": {
        "g": "LottieFiles AE 1.1.0"
    },
    "layers": [
        {
            "ty": 4,
            "nm": "Small Loader",
            "sr": 1,
            "st": 0,
            "op": 150.000006109625,
            "ip": 0,
            "hd": false,
            "ddd": 0,
            "bm": 0,
            "hasMask": false,
            "ao": 0,
            "ks": {
                "a": {
                    "a": 0,
                    "k": [
                        -14,
                        -84,
                        0
                    ],
                    "ix": 1
                },
                "s": {
                    "a": 0,
                    "k": [
                        76,
                        76,
                        100
                    ],
                    "ix": 6
                },
                "sk": {
                    "a": 0,
                    "k": 0
                },
                "p": {
                    "a": 0,
                    "k": [
                        960,
                        540,
                        0
                    ],
                    "ix": 2
                },
                "r": {
                    "a": 1,
                    "k": [
                        {
                            "o": {
                                "x": 0.167,
                                "y": 0.167
                            },
                            "i": {
                                "x": 0.833,
                                "y": 0.833
                            },
                            "s": [
                                0
                            ],
                            "t": 0
                        },
                        {
                            "s": [
                                -360
                            ],
                            "t": 68.0000027696968
                        }
                    ],
                    "ix": 10
                },
                "sa": {
                    "a": 0,
                    "k": 0
                },
                "o": {
                    "a": 0,
                    "k": 100,
                    "ix": 11
                }
            },
            "ef": [],
            "shapes": [
                {
                    "ty": "gr",
                    "bm": 0,
                    "hd": false,
                    "mn": "ADBE Vector Group",
                    "nm": "Ellipse 1",
                    "ix": 1,
                    "cix": 2,
                    "np": 3,
                    "it": [
                        {
                            "ty": "sh",
                            "bm": 0,
                            "hd": false,
                            "mn": "ADBE Vector Shape - Group",
                            "nm": "Path 1",
                            "ix": 1,
                            "d": 1,
                            "ks": {
                                "a": 0,
                                "k": {
                                    "c": true,
                                    "i": [
                                        [
                                            -197.718,
                                            0
                                        ],
                                        [
                                            0,
                                            -197.718
                                        ],
                                        [
                                            197.718,
                                            0
                                        ],
                                        [
                                            0,
                                            197.718
                                        ]
                                    ],
                                    "o": [
                                        [
                                            197.718,
                                            0
                                        ],
                                        [
                                            0,
                                            197.718
                                        ],
                                        [
                                            -197.718,
                                            0
                                        ],
                                        [
                                            0,
                                            -197.718
                                        ]
                                    ],
                                    "v": [
                                        [
                                            0,
                                            -358
                                        ],
                                        [
                                            358,
                                            0
                                        ],
                                        [
                                            0,
                                            358
                                        ],
                                        [
                                            -358,
                                            0
                                        ]
                                    ]
                                },
                                "ix": 2
                            }
                        },
                        {
                            "ty": "st",
                            "bm": 0,
                            "hd": false,
                            "mn": "ADBE Vector Graphic - Stroke",
                            "nm": "Stroke 1",
                            "lc": 2,
                            "lj": 2,
                            "ml": 1,
                            "o": {
                                "a": 0,
                                "k": 100,
                                "ix": 4
                            },
                            "w": {
                                "a": 0,
                                "k": 50,
                                "ix": 5
                            },
                            "c": {
                                "a": 0,
                                "k": [
                                    0.9176,
                                    1,
                                    0.8118
                                ],
                                "ix": 3
                            }
                        },
                        {
                            "ty": "tr",
                            "a": {
                                "a": 0,
                                "k": [
                                    0,
                                    0
                                ],
                                "ix": 1
                            },
                            "s": {
                                "a": 0,
                                "k": [
                                    100,
                                    100
                                ],
                                "ix": 3
                            },
                            "sk": {
                                "a": 0,
                                "k": 0,
                                "ix": 4
                            },
                            "p": {
                                "a": 0,
                                "k": [
                                    -14,
                                    -84
                                ],
                                "ix": 2
                            },
                            "r": {
                                "a": 0,
                                "k": 0,
                                "ix": 6
                            },
                            "sa": {
                                "a": 0,
                                "k": 0,
                                "ix": 5
                            },
                            "o": {
                                "a": 0,
                                "k": 100,
                                "ix": 7
                            }
                        }
                    ]
                },
                {
                    "ty": "tm",
                    "bm": 0,
                    "hd": false,
                    "mn": "ADBE Vector Filter - Trim",
                    "nm": "Trim Paths 1",
                    "ix": 2,
                    "e": {
                        "a": 1,
                        "k": [
                            {
                                "o": {
                                    "x": 0.167,
                                    "y": 0.167
                                },
                                "i": {
                                    "x": 0.833,
                                    "y": 0.833
                                },
                                "s": [
                                    100
                                ],
                                "t": 30
                            },
                            {
                                "s": [
                                    0
                                ],
                                "t": 67.0000027289659
                            }
                        ],
                        "ix": 2
                    },
                    "o": {
                        "a": 0,
                        "k": 90,
                        "ix": 3
                    },
                    "s": {
                        "a": 1,
                        "k": [
                            {
                                "o": {
                                    "x": 0.167,
                                    "y": 0.167
                                },
                                "i": {
                                    "x": 0.833,
                                    "y": 0.833
                                },
                                "s": [
                                    100
                                ],
                                "t": 0
                            },
                            {
                                "s": [
                                    0
                                ],
                                "t": 30.0000012219251
                            }
                        ],
                        "ix": 1
                    },
                    "m": 1
                }
            ],
            "ind": 1
        },
        {
            "ty": 4,
            "nm": "Big Loader",
            "sr": 1,
            "st": 0,
            "op": 150.000006109625,
            "ip": 0,
            "hd": false,
            "ddd": 0,
            "bm": 0,
            "hasMask": false,
            "ao": 0,
            "ks": {
                "a": {
                    "a": 0,
                    "k": [
                        -14,
                        -84,
                        0
                    ],
                    "ix": 1
                },
                "s": {
                    "a": 0,
                    "k": [
                        100,
                        100,
                        100
                    ],
                    "ix": 6
                },
                "sk": {
                    "a": 0,
                    "k": 0
                },
                "p": {
                    "a": 0,
                    "k": [
                        960,
                        540,
                        0
                    ],
                    "ix": 2
                },
                "r": {
                    "a": 1,
                    "k": [
                        {
                            "o": {
                                "x": 0.167,
                                "y": 0.167
                            },
                            "i": {
                                "x": 0.833,
                                "y": 0.833
                            },
                            "s": [
                                0
                            ],
                            "t": 0
                        },
                        {
                            "s": [
                                360
                            ],
                            "t": 68.0000027696968
                        }
                    ],
                    "ix": 10
                },
                "sa": {
                    "a": 0,
                    "k": 0
                },
                "o": {
                    "a": 0,
                    "k": 100,
                    "ix": 11
                }
            },
            "ef": [],
            "shapes": [
                {
                    "ty": "gr",
                    "bm": 0,
                    "hd": false,
                    "mn": "ADBE Vector Group",
                    "nm": "Ellipse 1",
                    "ix": 1,
                    "cix": 2,
                    "np": 3,
                    "it": [
                        {
                            "ty": "sh",
                            "bm": 0,
                            "hd": false,
                            "mn": "ADBE Vector Shape - Group",
                            "nm": "Path 1",
                            "ix": 1,
                            "d": 1,
                            "ks": {
                                "a": 0,
                                "k": {
                                    "c": true,
                                    "i": [
                                        [
                                            197.718,
                                            0
                                        ],
                                        [
                                            0,
                                            -197.718
                                        ],
                                        [
                                            -197.718,
                                            0
                                        ],
                                        [
                                            0,
                                            197.718
                                        ]
                                    ],
                                    "o": [
                                        [
                                            -197.718,
                                            0
                                        ],
                                        [
                                            0,
                                            197.718
                                        ],
                                        [
                                            197.718,
                                            0
                                        ],
                                        [
                                            0,
                                            -197.718
                                        ]
                                    ],
                                    "v": [
                                        [
                                            0,
                                            -358
                                        ],
                                        [
                                            -358,
                                            0
                                        ],
                                        [
                                            0,
                                            358
                                        ],
                                        [
                                            358,
                                            0
                                        ]
                                    ]
                                },
                                "ix": 2
                            }
                        },
                        {
                            "ty": "st",
                            "bm": 0,
                            "hd": false,
                            "mn": "ADBE Vector Graphic - Stroke",
                            "nm": "Stroke 1",
                            "lc": 2,
                            "lj": 2,
                            "ml": 1,
                            "o": {
                                "a": 0,
                                "k": 100,
                                "ix": 4
                            },
                            "w": {
                                "a": 0,
                                "k": 50,
                                "ix": 5
                            },
                            "c": {
                                "a": 0,
                                "k": [
                                    0.7216,
                                    1,
                                    0.3725
                                ],
                                "ix": 3
                            }
                        },
                        {
                            "ty": "tr",
                            "a": {
                                "a": 0,
                                "k": [
                                    0,
                                    0
                                ],
                                "ix": 1
                            },
                            "s": {
                                "a": 0,
                                "k": [
                                    100,
                                    100
                                ],
                                "ix": 3
                            },
                            "sk": {
                                "a": 0,
                                "k": 0,
                                "ix": 4
                            },
                            "p": {
                                "a": 0,
                                "k": [
                                    -14,
                                    -84
                                ],
                                "ix": 2
                            },
                            "r": {
                                "a": 0,
                                "k": 0,
                                "ix": 6
                            },
                            "sa": {
                                "a": 0,
                                "k": 0,
                                "ix": 5
                            },
                            "o": {
                                "a": 0,
                                "k": 100,
                                "ix": 7
                            }
                        }
                    ]
                },
                {
                    "ty": "tm",
                    "bm": 0,
                    "hd": false,
                    "mn": "ADBE Vector Filter - Trim",
                    "nm": "Trim Paths 1",
                    "ix": 2,
                    "e": {
                        "a": 1,
                        "k": [
                            {
                                "o": {
                                    "x": 0.167,
                                    "y": 0.167
                                },
                                "i": {
                                    "x": 0.833,
                                    "y": 0.833
                                },
                                "s": [
                                    100
                                ],
                                "t": 30
                            },
                            {
                                "s": [
                                    0
                                ],
                                "t": 67.0000027289659
                            }
                        ],
                        "ix": 2
                    },
                    "o": {
                        "a": 0,
                        "k": 0,
                        "ix": 3
                    },
                    "s": {
                        "a": 1,
                        "k": [
                            {
                                "o": {
                                    "x": 0.167,
                                    "y": 0.167
                                },
                                "i": {
                                    "x": 0.833,
                                    "y": 0.833
                                },
                                "s": [
                                    100
                                ],
                                "t": 0
                            },
                            {
                                "s": [
                                    0
                                ],
                                "t": 30.0000012219251
                            }
                        ],
                        "ix": 1
                    },
                    "m": 1
                }
            ],
            "ind": 2
        },
        {
            "ty": 1,
            "nm": "BG",
            "sr": 1,
            "st": 0,
            "op": 150.000006109625,
            "ip": 0,
            "hd": false,
            "ddd": 0,
            "bm": 0,
            "hasMask": false,
            "ao": 0,
            "ks": {
                "a": {
                    "a": 0,
                    "k": [
                        960,
                        540,
                        0
                    ],
                    "ix": 1
                },
                "s": {
                    "a": 0,
                    "k": [
                        100,
                        100,
                        100
                    ],
                    "ix": 6
                },
                "sk": {
                    "a": 0,
                    "k": 0
                },
                "p": {
                    "a": 0,
                    "k": [
                        960,
                        540,
                        0
                    ],
                    "ix": 2
                },
                "r": {
                    "a": 0,
                    "k": 0,
                    "ix": 10
                },
                "sa": {
                    "a": 0,
                    "k": 0
                },
                "o": {
                    "a": 0,
                    "k": 0,
                    "ix": 11
                }
            },
            "ef": [],
            "sc": "#000000",
            "sh": 1080,
            "sw": 1920,
            "ind": 3
        }
    ],
    "v": "4.8.0",
    "fr": 29.9700012207031,
    "op": 71.0000028918893,
    "ip": 0,
    "assets": []
}